id,source_id,timestamp,date,hour,type,channel,score,risk,risk_label,caller_origin,lang,age,age_group,gender,occupation,fraud_type,summary,indicators,indicator_labels,transcript_text
1,1,2025-03-10T10:23:00,2025-03-10,10,sms,smishing,93,red,Visticamāk krāpniecība,LV (VoIP),lv,58,50–64,female,pensioner,phishing_link,Citadele bankas uzdošanās SMS ar bloķēta konta draudiem un phishing saiti.,"[red]Steidzamības / draudu valoda//Frāzes 'bloķēts', 'izvairīties no slēgšanas' un '48 stundu laikā' ir tipiskas spiediena taktikas.|[red]Finanšu iestādes uzdošanās//Sūtītājs uzdodas par Citadele banku, bet ziņojums nāk no VoIP numura.|[red]Aizdomīga ārējā saite//Domēns 'citadele-verify[.]lv' nav bankas oficialais domēns.|[yellow]Neparasts numura izcelsmes reģions//Latvijas mobilā numura formāts, bet VoIP izcelsme — iespējams, nomaskēts numurs.",Steidzamības / draudu valoda | Finanšu iestādes uzdošanās | Aizdomīga ārējā saite | Neparasts numura izcelsmes reģions,"Sveiki, šī ir Citadele banka. Jūsu konts ir bloķēts neparastas darbības dēļ. Lai izvairītos no konta slēgšanas, nekavējoties apstipriniet savu identitāti: https://citadele-verify[.]lv/drosiba — 48 stundu laikā, pretējā gadījumā konts tiks slēgts."
2,2,2025-03-09T13:45:00,2025-03-09,13,sms,smishing,49,yellow,Neskaidrs,LV (Mobilais),lv,34,25–34,female,retail,delivery_fraud,Piegādes pakalpojuma uzdošanās SMS ar mikromaksājuma pieprasījumu.,"[yellow]Mikromaksājuma pieprasījums SMS//Nelielas maksas pieprasījumi pa SMS ir izplatīts piegādes krāpniecības veids, lai arī likumīgi pakalpojumi izmanto līdzīgus paziņojumus.|[yellow]Nesaistīts saites domēns//Domēns 'omniva-track.lv' nav saistīts ar zināmu kurjerdienesta zīmolu Latvijā.|[yellow]Minimāla sūtītāja identifikācija//Nav norādīts kurjerdienesta nosaukums vai izsekošanas numurs no lielā loģistikas uzņēmuma.",Mikromaksājuma pieprasījums SMS | Nesaistīts saites domēns | Minimāla sūtītāja identifikācija,"Atgādinājums: Jūsu sūtījums netika piegādāts šodien. Lai atbrīvotu pakotni, nepieciešams samaksāt €1,99 piegādes maksu: https://omniva-track.lv/maks — ref: LV7734"
3,3,2025-03-10T09:15:00,2025-03-10,09,sms,smishing,14,green,Visticamāk nav krāpniecība,LV (Īssavilkums),lv,45,35–49,female,healthcare,legitimate,Likumīgs veselības centra vizītes atgādinājums no reģistrēta burtciparu sūtītāja.,[yellow]Burtciparu sūtītāja ID//Sūtītāja ID 'VESELIBA' ir reģistrēts īssavilkuma formāts. Zems risks.,Burtciparu sūtītāja ID,"Veselības Centrs 4: Atgādinājums par Jūsu vizīti otrdien, 14. maijā plkst. 10:30. Apstipriniet ar JĀ vai zvaniet uz 67 201 007. Neatbildiet ar personas datiem vai maksājuma informāciju."
4,4,2025-03-10T11:02:00,2025-03-10,11,voice,vishing,91,red,Visticamāk krāpniecība,LV (VoIP),lv,67,65+,male,pensioner,government_impersonation,Valsts ieņēmumu dienesta uzdošanās ar nodokļu parāda draudiem un kartes datu pieprasīšanu.,"[red]Drauds no valdības iestādes uzdotāja//VID nekad nedraud ar tūlītēju aizturēšanu pa tālruni. Tas ir augsti ticams krāpniecības veids.|[red]Aizliegums beigt sarunu//Izolācijas taktika, ko izmanto, lai kontrolētu upuri zvana laikā.|[red]Tūlītējs maksājuma pieprasījums//Kartes datu pieprasīšana zvana laikā ir galvenais sarkanais karogs.|[yellow]VoIP izcelsme maskēta kā Latvijas numurs//Zvanītāja ID ir nomaskēts kā Rīgas ģeogrāfiskais numurs.",Drauds no valdības iestādes uzdotāja | Aizliegums beigt sarunu | Tūlītējs maksājuma pieprasījums | VoIP izcelsme maskēta kā Latvijas numurs,"S: Labdien, šis ir Valsts ieņēmumu dienests. Jums ir nodokļu parāds €2,340 apmērā par 2022.–2023. gada periodu. Ir izdots izpildes rīkojums. || V: Es nesaprotu — es neesmu saņēmis nekādas vēstules par šo... || S: Šis ir pēdējais brīdinājums. Jums nav atļauts beigt sarunu, pretējā gadījumā rīkojums tiks aktivizēts. Vai Jums ir pieejama debetkarte? || V: Man ir karte, bet es vēlētos vispirms piezvanīt VID tieši, lai pārbaudītu. || S: Jūs nevarat piezvanīt atpakaļ. Šī ir vienīgā aktīvā lietu izskatīšanas līnija. Iedodiet man kartes numuru — mēs varam nokārtot šo tagad. || V: Tas nešķiet pareizi. Es beidzu sarunu un sazināšos ar VID pats. || S: Nebeidziet sarunu. Tiesu izpildītāji ieradīsies 30 minūšu laikā. Šī ir Jūsu pēdējā iespēja nokārtot šo bez kriminālapsūdzībām."
5,5,2025-03-08T14:30:00,2025-03-08,14,voice,vishing,47,yellow,Neskaidrs,LV (VoIP),lv,29,25–34,female,IT,otp_theft,Tele2 uzdošanās ar OTP koda pieprasījumu — jaukti signāli.,[red]OTP iegūšanas mēģinājums//Pieprasījums nolasīt saņemto kodu tiek izmantots kontu pārņemšanai.|[yellow]Nevēlama telekomunikāciju uzņēmuma uzdošanās//Tele2 Latvija nezvana klientiem proaktīvi par pieteikšanās mēģinājumiem.|[yellow]VoIP izcelsme — nepārbaudāms//VoIP numuri bieži tiek izmantoti atbalsta krāpniecībā zemas izsekojamības dēļ.,OTP iegūšanas mēģinājums | Nevēlama telekomunikāciju uzņēmuma uzdošanās | VoIP izcelsme — nepārbaudāms,"S: Labdien, es zvanu no Tele2 Latvija tehniskā atbalsta. Mēs esam pamanījuši neparastas pieteikšanās darbības Jūsu kontā no nezināmas atrašanās vietas. || V: Jā, labi. No kādas atrašanās vietas? || S: Pieteikšanās mēģinājumi tika konstatēti no Lietuvas un Polijas. Tagad nosūtīšu divu faktoru verifikācijas kodu. Lūdzu, nolasiet man sešciparu kodu, lai pabeigtu verifikāciju. || V: Es tikko saņēmu kaut ko. Tur raksta 'Nekopīgojiet šo kodu ar citiem.' Vai man tomēr jums to jāsaka? || S: Šis ir standarta atrunas teksts. Mums nepieciešams kods, lai pabeigtu identitātes verifikāciju. Lūdzu, nolasiet to tagad."
6,6,2025-03-09T15:52:00,2025-03-09,15,voice,vishing,11,green,Visticamāk nav krāpniecība,LV (Fiksētais),lv,42,35–49,male,finance,legitimate,Likumīgs SEB bankas klientu atbalsta atzvans par regulāra maksājuma datuma maiņu.,[yellow]Daļēja identitātes verifikācija//Pēdējo četru personas koda ciparu pieprasīšana ir standarta bankas verifikācijas procedūra. Konteksts atbalsta likumību.,Daļēja identitātes verifikācija,"S: Labdien, šī ir Ieva no SEB bankas klientu atbalsta. Es zvanu sakarā ar Jūsu vakardienas pieprasījumu — atsauce KL-29314. Vai Jums tagad ir ērti runāt? || V: Jā, pareizi. Es jautāju par regulārā maksājuma datuma maiņu. || S: Lieliski. Pirms izmaiņu veikšanas man jāapstiprina daži drošības dati. Vai Jūs varat nosaukt pēdējos četrus Jūsu personas koda ciparus? || V: Jā, tie ir 2-1-4-7. || S: Paldies, apstiprināts. Tātad Jūs vēlaties mainīt maksājuma datumu no 5. uz 25. katru mēnesi — vai tas ir pareizi? || V: Jā, precīzi. || S: Izmaiņas ir veiktas. Apstiprinājuma vēstule tiks nosūtīta piecu darba dienu laikā."
7,7,2025-03-10T09:48:00,2025-03-10,09,voice,vishing,95,red,Visticamāk krāpniecība,LV (VoIP),lv,54,50–64,female,finance,bank_impersonation,Swedbank krāpšanas novēršanas departamenta uzdošanās ar kartes bloķēšanas draudiem.,"[red]Bankas krāpšanas nodaļas uzdošanās//Sūtītājs uzdodas par Swedbank drošību, bet zvana no nereģistrēta VoIP numura.|[red]Kartes bloķēšanas drauds//Tūlītējas bloķēšanas draudi tiek izmantoti, lai radītu paniku un piespiestu rīkoties.|[red]Pilna kartes datu pieprasīšana//Likumīga banka nekad nepieprasa pilnu kartes numuru pa tālruni.|[yellow]VoIP numurs//Fiksēto Rīgas numuru simulācija no VoIP infrastruktūras.",Bankas krāpšanas nodaļas uzdošanās | Kartes bloķēšanas drauds | Pilna kartes datu pieprasīšana | VoIP numurs,"S: Labdien, šis ir Mārtiņš no Swedbank krāpšanas novēršanas dienesta. Mēs esam konstatējuši aizdomīgu darījumu Jūsu kartē par €847 no Spānijas. || V: Nē, tas neesmu bijis es. Kas notiks? || S: Mums nekavējoties jābloķē Jūsu karte. Lai to izdarītu, man jāapstiprina Jūsu identitāte. Lūdzu, nosauciet savu 16 ciparu kartes numuru. || V: Vai tiešām tas ir vajadzīgs? || S: Jā, pretējā gadījumā darījums tiks autorizēts un nauda pazudīs. Jums ir mazāk par minūti, lai reaģētu. || V: Labi... kartes numurs ir... || S: Paldies. Tagad man vajag arī CVV kodu aiz kartes."
8,8,2025-03-10T10:37:00,2025-03-10,10,voice,vishing,97,red,Visticamāk krāpniecība,LV (VoIP),lv,61,50–64,male,pensioner,government_impersonation,Kibernoziegumu policijas uzdošanās ar aizturēšanas draudu un naudas pārskaitīšanas pieprasījumu.,"[red]Tiesībsargājošo iestāžu uzdošanās//Policija nekad nepieprasa maksājumus pa tālruni, lai novērstu aizturēšanu.|[red]Aizturēšanas draudi//Tūlītējas kriminālsankcijas draudi tiek izmantoti, lai paralyzētu upura domāšanu.|[red]Naudas pārskaitīšanas pieprasījums//Pieprasījums pārskaitīt naudu 'drošajā kontā' ir krāpniecības klasika.|[yellow]Numura spoofing//VoIP numurs imitē Rīgas policijas numurus.",Tiesībsargājošo iestāžu uzdošanās | Aizturēšanas draudi | Naudas pārskaitīšanas pieprasījums | Numura spoofing,"S: Labdien, šis ir kapteinis Ozols no Valsts policijas kibernoziegumu nodaļas. Mums ir orderis par Jūsu bankas konta iesaldēšanu saistībā ar naudas atmazgāšanas izmeklēšanu. || V: Kas? Tas nevar būt. Es neesmu darījis neko pretlikumīgu. || S: Mums ir pierādījumi par aizdomīgiem darījumiem. Lai novērstu aresta orderi, Jums nekavējoties jāpārvieto nauda uz mūsu drošo izmeklēšanas kontu. || V: Vai man nevajadzētu konsultēties ar advokātu? || S: Advokātu iesaistīšana aizkavētu procesu un izraisītu automātisku aizturēšanu. Jums ir 20 minūtes, lai pieņemtu lēmumu. || V: Es nezinu... tas šķiet dīvaini. || S: Šī ir Jūsu pēdējā iespēja izvairīties no aresta. Dariet to tagad."
9,9,2025-03-10T11:19:00,2025-03-10,11,voice,vishing,84,red,Visticamāk krāpniecība,LV (VoIP),ru,71,65+,female,pensioner,government_impersonation,VSAA pensijas departamenta uzdošanās krieviski ar personas datu pieprasīšanu.,"[red]Sociālo dienestu uzdošanās//VSAA nezvana pensionāriem, pieprasot personas datu apstiprināšanu pa tālruni.|[red]Sensitīvu personas datu pieprasīšana//Pilna personas koda, konta numura un adrese pieprasīšana vienā zvanā.|[yellow]Mērķēšana uz vecāka gadagājuma iedzīvotājiem krievu valodā//Krievu valodā runājošie pensionāri ir iecienīts mērķis šim krāpniecības veidam.|[yellow]VoIP numurs ar Rīgas prefiksu//Zvans nāk no VoIP infrastruktūras, nevis no VSAA numuriem.",Sociālo dienestu uzdošanās | Sensitīvu personas datu pieprasīšana | Mērķēšana uz vecāka gadagājuma iedzīvotājiem krievu valodā | VoIP numurs ar Rīgas prefiksu,"S: Zdravstvuyte, eto VSAA pensionnyy otdel. Nam nuzhno podtverdit' vashi lichnyye dannyye dlya pereraschetа pensii. || V: Khorosho, chto vam nuzhno? || S: Pozhaluysta, nazvite vash polnyy nomer lichnosti, nomer bankovskogo scheta i adres registratsii. || V: A zachem vam nomer scheta? || S: Eto neobkhodimo dlya perevoda novoy summy pensii. Yesli vy ne podtverdite, vasha pensiya budet priostanovlena. || V: Nu ladno... moy nomer lichnosti... || S: Otlichno. Teper' nomer bankovskogo scheta, pozhaluysta."
10,10,2025-03-09T12:44:00,2025-03-09,12,voice,vishing,62,yellow,Neskaidrs,LV (VoIP),lv,32,25–34,male,IT,otp_theft,LMT tehniskā atbalsta uzdošanās ar OTP koda pieprasījumu — neskaidri signāli.,[red]OTP pieprasījums zvana laikā//Jebkurš pieprasījums nolasīt saņemtu kodu citai personai ir augsta riska signāls.|[yellow]Telekomunikāciju uzņēmuma uzdošanās//LMT proaktīvi nezvana klientiem par pieteikšanās anomālijām.|[yellow]VoIP izcelsme//Numurs nereģistrēts LMT infrastruktūrā.,OTP pieprasījums zvana laikā | Telekomunikāciju uzņēmuma uzdošanās | VoIP izcelsme,"S: Labdien, šis ir Rihards no LMT tehniskā atbalsta. Mūsu sistēma konstatēja neatļautu piekļuves mēģinājumu Jūsu kontam. || V: Ak, nē. Ko man darīt? || S: Mums jāpārbauda Jūsu identitāte. Es nosūtīšu SMS ar verifikācijas kodu — lūdzu, nolasiet to man. || V: Esmu saņēmis. Tur raksta, ka kods nav jādalās ar citiem. || S: Tas ir standarta teksts. Mūsu drošības komandai kods ir nepieciešams, lai bloķētu nesankcionēto piekļuvi. || V: Es labāk piezvanu LMT tieši, lai pārbaudītu. || S: Tas aizkavēs procesu un Jūsu konts paliks neaizsargāts."
11,11,2025-03-08T10:05:00,2025-03-08,10,sms,smishing,78,red,Visticamāk krāpniecība,LT (Mobilais),lv,38,35–49,male,IT,government_impersonation,Muitas dienesta uzdošanās SMS ar nesamaksātu nodevu un phishing saiti.,"[red]Valsts dienesta uzdošanās//Latvijas Muita nenosūta maksājumu pieprasījumus pa SMS ar ārvalstu numuriem.|[red]Maksājuma pieprasījums ar termiņu//Steidzamība un €4,99 maksa ir tipiskas krāpniecības taktikas.|[red]Lietuvas mobilā numura izcelsme//Muitas paziņojumi nāk no iekšzemes numuriem.|[yellow]Aizdomīgs domēns//Domēns nav saistīts ar muitas.gov.lv.",Valsts dienesta uzdošanās | Maksājuma pieprasījums ar termiņu | Lietuvas mobilā numura izcelsme | Aizdomīgs domēns,"Latvijas Muita: Jūsu sūtījums aizturēts muitas punktā. Jāsamaksā importa nodeva €4,99, lai atbrīvotu pakotni. Samaksājiet 48h laikā: https://muita-lv[.]online/maks — ref: MU4471"
12,12,2025-03-10T16:22:00,2025-03-10,16,voice,vishing,55,yellow,Neskaidrs,LV (VoIP),lv,35,35–49,male,finance,investment_scam,Investīciju fonda menedžera uzdošanās ar neticami augstu peļņas solīšanu.,[red]Nereālas peļņas solīšana//Garantēts 34% gada ienesīgums ir ekonomiski neiespējams un galvenais sarkanais karogs.|[yellow]Steidzamība un ekskluzivitāte//Ierobežotā laika piedāvājums un ekskluzīvā piekļuve ir manipulatīvas taktikas.|[yellow]VoIP izcelsme//Numurs nav saistīts ar reģistrētu finanšu iestādi.|[yellow]Nav uzņēmuma rekvizītu//Zvanītājs nenorāda uzņēmuma nosaukumu vai licences numuru.,Nereālas peļņas solīšana | Steidzamība un ekskluzivitāte | VoIP izcelsme | Nav uzņēmuma rekvizītu,"S: Labdien, es zvanu no Baltijas Investīciju grupas. Mums ir ekskluzīvs piedāvājums — garantēts 34% gada ienesīgums no mūsu kriptovalūtu portfeļa. || V: Kā tas ir iespējams? Tas izklausās ļoti daudz. || S: Mūsu algoritms izmanto AI, lai maksimizētu peļņu. Šī iespēja ir pieejama tikai šonedēļ. || V: Vai jūs esat licencēti? || S: Protams, mums ir visas nepieciešamās atļaujas. Minimālā investīcija ir €500, un nauda ir jūsu pieejama jebkurā laikā. || V: Man jāpadomā. Vai es varu jums atzvanīt? || S: Šī piedāvājuma slots beigsies šodien vakarā. Lēmums jāpieņem tagad."
13,13,2025-03-09T09:33:00,2025-03-09,09,sms,smishing,42,yellow,Neskaidrs,LV (Mobilais),lv,52,50–64,male,retail,government_impersonation,CSDD transportlīdzekļa nodokļa SMS ar maksājuma pieprasījumu — daļēji ticams.,"[yellow]Valsts dienesta uzdošanās//CSDD šādus paziņojumus sūta pa pastu, nevis SMS ar mobiliem numuriem.|[yellow]Mobilais numurs, ne īssavilkums//Likumīgi valsts paziņojumi parasti izmanto reģistrētus īssavilkumus.|[yellow]Saites domēns//Nav nepārprotami saistīts ar csdd.gov.lv.","Valsts dienesta uzdošanās | Mobilais numurs, ne īssavilkums | Saites domēns","CSDD: Jūsu transportlīdzeklim RE-1234 ir nesamaksāts ikgadējais nodoklis €68. Lūdzu, samaksājiet 14 dienu laikā, lai izvairītos no soda: https://csdd-maks.lv/nodoklis"
14,14,2025-03-10T08:51:00,2025-03-10,08,sms,smishing,79,red,Visticamāk krāpniecība,LV (Mobilais),lv,44,35–49,female,retail,utility_fraud,Latvenergo parāda SMS ar atslēgšanas draudiem un maksājuma saiti.,"[red]Komunālo pakalpojumu uzdošanās//Latvenergo nenosūta atslēgšanas brīdinājumus pa SMS ar mobiliem numuriem.|[red]Atslēgšanas draudi 24 stundās//Mākslīga steidzamība, lai piespiestu tūlītēju rīcību.|[red]Aizdomīgs domēns//Latvenergo oficialais domēns ir latvenergo.lv, nevis minētais domēns.|[yellow]Mobilais numurs, ne uzņēmuma numurs//Likumīgi komunālie uzņēmumi izmanto uzņēmumu fiksētos numurus.","Komunālo pakalpojumu uzdošanās | Atslēgšanas draudi 24 stundās | Aizdomīgs domēns | Mobilais numurs, ne uzņēmuma numurs","LATVENERGO: Jūsu kontā ir €127,40 parāds. Ja maksājums netiks veikts 24h laikā, elektroenerģijas piegāde tiks pārtraukta. Samaksājiet tagad: https://latvenergo-parads[.]com/maks?id=LV8821"
15,15,2025-03-08T11:28:00,2025-03-08,11,sms,smishing,8,green,Visticamāk nav krāpniecība,LV (Īssavilkums),lv,27,25–34,female,student,legitimate,Likumīgs Latvijas Pasts sūtījuma statusa paziņojums no reģistrēta sūtītāja.,[yellow]Burtciparu sūtītāja ID//Sūtītāja ID 'LPASTS' ir reģistrēts pastu dienesta formāts. Konteksts likumīgs.,Burtciparu sūtītāja ID,"Latvijas Pasts: Jūsu sūtījums LV123456789LV tika piegādāts 10:42. Adresāts: Brīvības iela 48, Rīga. Jautājumu gadījumā: pasts.lv vai 8006 0001."
16,16,2025-03-10T10:14:00,2025-03-10,10,sms,smishing,86,red,Visticamāk krāpniecība,LV (VoIP),lv,48,35–49,female,healthcare,phishing_link,Citadele kartes limita palielināšanas phishing SMS ar urgences valodu.,"[red]Bankas uzdošanās no VoIP numura//Citadele nenosūta kartes limita paziņojumus no VoIP numuriem.|[red]Phishing saite//Domēns 'citadele-limit[.]lv' nav saistīts ar bankas oficiālo tīmekļa vietni.|[red]Steidzamība un ekskluzivitāte//Ierobežota laika piedāvājums tiek izmantots, lai novērstu padziļinātu pārbaudi.|[yellow]VoIP numurs ar LV kodu//Numurs nereģistrēts Citadele infrastruktūrā.",Bankas uzdošanās no VoIP numura | Phishing saite | Steidzamība un ekskluzivitāte | VoIP numurs ar LV kodu,Citadele: Ekskluzīvs piedāvājums — palieliniet savu kartes limitu līdz €5000 bez maksas! Apstiprināšana nepieciešama 3h laikā: https://citadele-limit[.]lv/aktiv?k=92jX
17,17,2025-03-09T14:17:00,2025-03-09,14,sms,smishing,38,yellow,Neskaidrs,LV (Īssavilkums),lv,29,25–34,female,student,phishing_link,Rimi lojalitātes programmas balvas SMS ar neskaidru saiti — daļēji ticams.,[yellow]Balvas solīšana//Neplānotas balvas paziņojumi ir izplatīta sociālās inženierijas taktika.|[yellow]Aizdomīgs domēns//Saites domēns nav rimibaltics.com oficialais domēns.|[yellow]Burtciparu sūtītāja ID//'RIMICLUB' var būt reģistrēts vai klonēts īssavilkums.,Balvas solīšana | Aizdomīgs domēns | Burtciparu sūtītāja ID,RIMICLUB: Apsveicam! Jūsu MY RIMI karte ir laimējusi €50 dāvanu karti! Saņemiet balvu šeit: https://rimi-balva[.]eu/iegut?id=7734 — piedāvājums beidzas šodien.
18,18,2025-03-08T13:02:00,2025-03-08,13,sms,smishing,58,yellow,Neskaidrs,LV (Mobilais),lv,24,18–24,male,student,otp_theft,Tele2 numura portēšanas SMS ar OTP pieprasījumu — augsts OTP nozagšanas risks.,"[red]OTP koda pieprasīšana SMS//OTP pieprasījums portēšanas procesā ir galvenā SIM svoping krāpniecības pazīme.|[yellow]Telekomunikāciju uzņēmuma uzdošanās//Tele2 portēšana notiek caur klientu portālu, ne SMS saiti.|[yellow]Mobilais numurs, ne uzņēmuma numurs//Tele2 klientu paziņojumi nāk no reģistrētiem sūtītājiem.","OTP koda pieprasīšana SMS | Telekomunikāciju uzņēmuma uzdošanās | Mobilais numurs, ne uzņēmuma numurs","Tele2: Jūsu numura portēšanas pieteikums apstiprināts. Lai pabeigtu procesu, ievadiet verifikācijas kodu: https://tele2-port.lv/verify?code=XXXXXX — kods derīgs 10 min."
19,19,2025-03-10T11:47:00,2025-03-10,11,sms,smishing,79,red,Visticamāk krāpniecība,LV (Mobilais),lv,39,35–49,male,legal,utility_fraud,Latvijas Gāze avārijas SMS ar gāzes noplūdi un apmeklējuma maksas pieprasījumu.,"[red]Komunālo pakalpojumu avārijas uzdošanās//Latvijas Gāze nekad nepieprasa avārijas apmeklējuma maksu SMS.|[red]Neloģisks avārijas maksājums//Īstā gāzes noplūdes gadījumā evakuējas, nevis maksā pa tālruni.|[red]Draudu valoda un steidzamība//Kombinācija 'gāzes noplūde' + 'maksājums tagad' ir tipisks manipulatīvs skripts.|[yellow]Mobilais numurs avārijas paziņojumam//Avārijas dienesti izmanto īssavilkumus vai fiksētos numurus.",Komunālo pakalpojumu avārijas uzdošanās | Neloģisks avārijas maksājums | Draudu valoda un steidzamība | Mobilais numurs avārijas paziņojumam,"Latvijas Gāze AVĀRIJA: Jūsu apgabalā konstatēta iespējamā gāzes noplūde. Tehniķa vizīte obligāta. Lai apstiprinātu vizīti un apmaksātu drošības pārbaudi €25, sekojiet: https://gas-lv[.]online/avaria?addr=LV"
20,20,2025-03-09T10:58:00,2025-03-09,10,voice,vishing,16,green,Visticamāk nav krāpniecība,LV (Fiksētais),lv,51,50–64,male,finance,legitimate,Likumīgs SEB bankas zvans par kartes nomaiņas procedūru klientam iniciatīvas ietvaros.,[yellow]Identitātes verifikācija//Personas koda daļas pieprasīšana ir standarta procedūra. Nav papildu kartes datu pieprasīšanas.|[yellow]Fiksētais numurs//Zvans no SEB reģistrētā tīkla numura.,Identitātes verifikācija | Fiksētais numurs,"S: Labdien, šis ir Toms no SEB bankas. Es zvanu sakarā ar Jūsu kartes nomaiņas pieteikumu. Vai Jums tagad ir ērti? || V: Jā, es to tiešām pieprasīju. || S: Lieliski. Lai verificētu identitāti, lūdzu, nosauciet pēdējos trīs Jūsu personas koda ciparus. || V: Tie ir 4-8-1. || S: Paldies. Jaunā karte tiks nosūtīta uz Jūsu reģistrēto adresi 5 darba dienu laikā. Vai ir vēl kādi jautājumi? || V: Nē, paldies. || S: Labu dienu."
21,21,2025-03-10T17:33:00,2025-03-10,17,voice,vishing,68,yellow,Neskaidrs,LV (VoIP),en,41,35–49,male,IT,investment_scam,Angliski runājošs investīciju krāpnieks ar kriptovalūtu platformas piedāvājumu.,[red]Nereāla peļņa garantēta//Nekāda likumīga platforma negarantē 25%+ mēnesī no kriptovalūtām.|[yellow]Angļu valodā Latvijā//Angliski runājošs zvanītājs Latvijā ar investīciju piedāvājumu ir augsts risks.|[yellow]VoIP izcelsme//Nav saistīts ar reģistrētu finanšu iestādi.|[yellow]Steidzamība un pieejas ierobežojums//Ierobežotas vietas un laika spiediena taktika.,Nereāla peļņa garantēta | Angļu valodā Latvijā | VoIP izcelsme | Steidzamība un pieejas ierobežojums,"S: Hello, I'm calling from CryptoVault Baltic. We have an exclusive AI-driven crypto portfolio showing 25% monthly returns. || V: That sounds very high. Is this regulated? || S: We operate under EU financial regulations. This opportunity is only open for 48 hours. Minimum investment is just €1000. || V: Can I have your company registration number? || S: I'll email that to you. But first, let me explain the strategy — we use proprietary algorithms that have beaten the market for 3 consecutive years. || V: I'd like to research this first before committing any money. || S: I understand, but the slots for this round close tonight. Can I put you down for €1000 now?"
22,22,2025-03-10T09:22:00,2025-03-10,09,voice,vishing,90,red,Visticamāk krāpniecība,LV (VoIP),lv,36,35–49,female,unemployed,government_impersonation,Muitas dienesta uzdošanās par aizturētu pakotni ar tūlītēja naudas nodokļa pieprasīšanu.,[red]Muitas dienesta uzdošanās//Latvijas Muita nezvana privātpersonām ar tūlītēju nodevas pieprasījumu pa tālruni.|[red]Naudas pārskaitīšana zvana laikā//Pieprasījums nekavējoties pārskaitīt naudu ir augsta riska indikators.|[red]Steidzamība un soda draudi//Soda drauds kā instruments tūlītējas rīcības provocēšanai.|[yellow]VoIP numurs ar Rīgas prefiksu//Zvans nāk no nereģistrētas VoIP infrastruktūras.,Muitas dienesta uzdošanās | Naudas pārskaitīšana zvana laikā | Steidzamība un soda draudi | VoIP numurs ar Rīgas prefiksu,"S: Labdien, šis ir Andris Kalniņš no Latvijas Muitas dienesta. Mūsu sistēmā ir aizturēta Jūsu sūtījums ar aizdomīgu saturu. || V: Kāds sūtījums? Es neesmu gaidījusi neko. || S: Sūtījums Jūsu vārdā no Ķīnas. Mums ir jāveic pārbaude, un par to ir jāsamaksā pārbaudes nodeva €85. || V: Kāpēc man jāmaksā, ja es neko neesmu pasūtījusi? || S: Ja nodeva netiks samaksāta 2 stundu laikā, sūtījums tiks iznīcināts un Jums tiks izrakstīts sods €500 apmērā. || V: Tas izklausās dīvaini. Es labāk piezvanīšu muitai tieši. || S: Jūs nevarat atzvanīt uz šo lietu — šī ir vienīgā kontaktu līnija. Maksājiet tagad un sūtījums tiks atbrīvots."
23,23,2025-03-08T16:45:00,2025-03-08,16,sms,smishing,6,green,Visticamāk nav krāpniecība,LV (Īssavilkums),lv,63,50–64,female,pensioner,legitimate,Likumīgs aptieku tīkla recepšu atgādinājums no reģistrēta īssavilkuma.,[yellow]Burtciparu sūtītāja ID//Sūtītāja ID ir reģistrēts aptiekas tīkla formāts. Konteksts likumīgs. Nav saites vai maksājumu.,Burtciparu sūtītāja ID,Dr.Aukstiņš aptiekas atgādinājums: Jūsu recepte Nr. 2847-LV ir gatava saņemšanai Brīvības ielā 89. Derīguma termiņš: 20.03.2025. Informācija: 67 320 001.
24,24,2025-03-09T11:14:00,2025-03-09,11,voice,vishing,19,green,Visticamāk nav krāpniecība,LV (Fiksētais),lv,28,25–34,male,IT,legitimate,Likumīgs personāla nodaļas zvans par darba līguma pagarināšanas procedūru.,[yellow]Personas datu apstiprinājums//Darba devēja identitātes pārbaude ar nodarbinātības datiem ir standarta procedūra. Konteksts atbalsta likumību.,Personas datu apstiprinājums,"S: Labdien, šis ir Jānis no personāla nodaļas. Es zvanu sakarā ar Jūsu līguma pagarināšanu — ID: EMP-2024-0847. || V: Jā, es gaidīju šo zvanu. || S: Lieliski. Mums jāapstiprina Jūsu dati sistēmā. Vai varat apstiprināt savu darba sākuma datumu un nodaļu? || V: 15. janvāris 2023, programmatūras izstrādes nodaļa. || S: Perfekti, tas sakrīt. Pagarinājuma dokumenti tiks nosūtīti uz Jūsu korporatīvo e-pastu šodien. || V: Labi, paldies. || S: Labu dienu!"
25,25,2025-03-08T09:39:00,2025-03-08,09,voice,vishing,23,green,Visticamāk nav krāpniecība,LV (Fiksētais),lv,55,50–64,female,legal,legitimate,Likumīgs Citadele bankas hipotēkas procentu pārskatīšanas zvans klientam iniciatīvas ietvaros.,[yellow]Identitātes verifikācija//Personas koda daļas pieprasīšana hipotēkas lietu kontekstā ir standarta procedūra.|[yellow]Fiksētais bankas numurs//Zvans no Citadele reģistrēta numura. Nav VoIP vai mobilā numura.,Identitātes verifikācija | Fiksētais bankas numurs,"S: Labdien, šī ir Līga no Citadele bankas hipotēkas centra. Es zvanu sakarā ar procentu likmju pārskatīšanu Jūsu hipotēkai — atsauce H-48821. || V: Jā, es saņēmu vēstuli par šo. || S: Lai sāktu pārskatīšanu, man jāapstiprina Jūsu identitāte. Lūdzu, nosauciet pēdējos četrus personas koda ciparus. || V: Tie ir 3-3-9-2. || S: Paldies. Balstoties uz tirgus analīzi, mēs varam piedāvāt jaunu likmi 3,2% vietā esošās 3,8%. || V: Tas izklausās labi. Ko man jādara? || S: Mēs nosūtīsim piedāvājumu pa pastu. Tas nav saistošs, un Jums ir 30 dienas, lai pieņemtu lēmumu."
